"tipo de juego","game_id/ fecha","equipo_local","equipo_visitante","semana","temporada","estatus _del_juego","marcador_local","marcador_visitante"
"reg","2015091000","NE","PIT","1","2015","POST","28","21"
"reg","2015091300","CHI","GB","1","2015","POST","23","31"
"reg","2015091306","HOU","KC","1","2015","POST","20","27"
"reg","2015091305","NYJ","CLE","1","2015","POST","31","10"
"reg","2015091304","BUF","IND","1","2015","POST","27","14"
"reg","2015091303","WAS","MIA","1","2015","POST","10","17"
"reg","2015091302","JAC","CAR","1","2015","POST","9","20"
"reg","2015091301","STL","SEA","1","2015","POST","34","31"
"reg","2015091307","ARI","NO","1","2015","POST","31","19"
"reg","2015091308","SD","DET","1","2015","POST","33","28"
"reg","2015091311","TB","TEN","1","2015","POST","14","42"
"reg","2015091310","OAK","CIN","1","2015","POST","13","33"
"reg","2015091309","DEN","BAL","1","2015","POST","19","13"
"reg","2015091312","DAL","NYG","1","2015","POST","27","26"
"reg","2015091400","ATL","PHI","1","2015","POST","26","24"
"reg","2015091401","SF","MIN","1","2015","POST","20","3"
"reg","2015091700","KC","DEN","2","2015","POST","24","31"
"reg","2015092000","CAR","HOU","2","2015","POST","24","17"
"reg","2015092009","PIT","SF","2","2015","POST","43","18"
"reg","2015092008","NO","TB","2","2015","POST","19","26"
"reg","2015092007","MIN","DET","2","2015","POST","26","16"
"reg","2015092006","CHI","ARI","2","2015","POST","23","48"
"reg","2015092001","BUF","NE","2","2015","POST","32","40"
"reg","2015092002","CIN","SD","2","2015","POST","24","19"
"reg","2015092003","CLE","TEN","2","2015","POST","28","14"
"reg","2015092004","NYG","ATL","2","2015","POST","20","24"
"reg","2015092005","WAS","STL","2","2015","POST","24","10"
"reg","2015092011","JAC","MIA","2","2015","POST","23","20"
"reg","2015092010","OAK","BAL","2","2015","POST","37","33"
"reg","2015092012","PHI","DAL","2","2015","POST","10","20"
"reg","2015092013","GB","SEA","2","2015","POST","27","17"
"reg","2015092100","IND","NYJ","2","2015","POST","7","20"
"reg","2015092400","NYG","WAS","3","2015","POST","32","21"
"reg","2015092700","DAL","ATL","3","2015","POST","28","39"
"reg","2015092709","TEN","IND","3","2015","POST","33","35"
"reg","2015092708","CLE","OAK","3","2015","POST","20","27"
"reg","2015092707","BAL","CIN","3","2015","POST","24","28"
"reg","2015092706","NE","JAC","3","2015","POST","51","17"
"reg","2015092701","CAR","NO","3","2015","POST","27","22"
"reg","2015092702","NYJ","PHI","3","2015","POST","17","24"
"reg","2015092703","HOU","TB","3","2015","POST","19","9"
"reg","2015092704","MIN","SD","3","2015","POST","31","14"
"reg","2015092705","STL","PIT","3","2015","POST","6","12"
"reg","2015092710","ARI","SF","3","2015","POST","47","7"
"reg","2015092712","MIA","BUF","3","2015","POST","14","41"
"reg","2015092711","SEA","CHI","3","2015","POST","26","0"
"reg","2015092713","DET","DEN","3","2015","POST","12","24"
"reg","2015092800","GB","KC","3","2015","POST","38","28"
"reg","2015100100","PIT","BAL","4","2015","POST","20","23"
"reg","2015100400","MIA","NYJ","4","2015","POST","14","27"
"reg","2015100404","IND","JAC","4","2015","POST","16","13"
"reg","2015100407","BUF","NYG","4","2015","POST","10","24"
"reg","2015100406","TB","CAR","4","2015","POST","23","37"
"reg","2015100405","WAS","PHI","4","2015","POST","23","20"
"reg","2015100401","CHI","OAK","4","2015","POST","22","20"
"reg","2015100402","ATL","HOU","4","2015","POST","48","21"
"reg","2015100403","CIN","KC","4","2015","POST","36","21"
"reg","2015100408","SD","CLE","4","2015","POST","30","27"
"reg","2015100409","SF","GB","4","2015","POST","3","17"
"reg","2015100410","ARI","STL","4","2015","POST","22","24"
"reg","2015100411","DEN","MIN","4","2015","POST","23","20"
"reg","2015100412","NO","DAL","4","2015","POST","26","20"
"reg","2015100500","SEA","DET","4","2015","POST","13","10"
"reg","2015100800","HOU","IND","5","2015","POST","20","27"
"reg","2015101101","KC","CHI","5","2015","POST","17","18"
"reg","2015101102","CIN","SEA","5","2015","POST","27","24"
"reg","2015101103","ATL","WAS","5","2015","POST","25","19"
"reg","2015101104","TB","JAC","5","2015","POST","38","31"
"reg","2015101100","PHI","NO","5","2015","POST","39","17"
"reg","2015101105","BAL","CLE","5","2015","POST","30","33"
"reg","2015101107","GB","STL","5","2015","POST","24","10"
"reg","2015101106","TEN","BUF","5","2015","POST","13","14"
"reg","2015101108","DET","ARI","5","2015","POST","17","42"
"reg","2015101109","DAL","NE","5","2015","POST","6","30"
"reg","2015101110","OAK","DEN","5","2015","POST","10","16"
"reg","2015101111","NYG","SF","5","2015","POST","30","27"
"reg","2015101200","SD","PIT","5","2015","POST","20","24"
"reg","2015101500","NO","ATL","6","2015","POST","31","21"
"reg","2015101801","NYJ","WAS","6","2015","POST","34","20"
"reg","2015101802","PIT","ARI","6","2015","POST","25","13"
"reg","2015101803","MIN","KC","6","2015","POST","16","10"
"reg","2015101804","BUF","CIN","6","2015","POST","21","34"
"reg","2015101800","DET","CHI","6","2015","POST","37","34"
"reg","2015101805","CLE","DEN","6","2015","POST","23","26"
"reg","2015101807","JAC","HOU","6","2015","POST","20","31"
"reg","2015101806","TEN","MIA","6","2015","POST","10","38"
"reg","2015101808","SEA","CAR","6","2015","POST","23","27"
"reg","2015101809","GB","SD","6","2015","POST","27","20"
"reg","2015101810","SF","BAL","6","2015","POST","25","20"
"reg","2015101811","IND","NE","6","2015","POST","27","34"
"reg","2015101900","PHI","NYG","6","2015","POST","27","7"
"reg","2015102200","SF","SEA","7","2015","POST","3","20"
"reg","2015102500","JAC","BUF","7","2015","POST","34","31"
"reg","2015102505","WAS","TB","7","2015","POST","31","30"
"reg","2015102508","TEN","ATL","7","2015","POST","7","10"
"reg","2015102507","IND","NO","7","2015","POST","21","27"
"reg","2015102506","DET","MIN","7","2015","POST","19","28"
"reg","2015102504","KC","PIT","7","2015","POST","23","13"
"reg","2015102501","STL","CLE","7","2015","POST","24","6"
"reg","2015102502","MIA","HOU","7","2015","POST","44","26"
"reg","2015102503","NE","NYJ","7","2015","POST","30","23"
"reg","2015102509","SD","OAK","7","2015","POST","29","37"
"reg","2015102510","NYG","DAL","7","2015","POST","27","20"
"reg","2015102511","CAR","PHI","7","2015","POST","27","16"
"reg","2015102600","ARI","BAL","7","2015","POST","26","18"
"reg","2015102900","NE","MIA","8","2015","POST","36","7"
"reg","2015110100","KC","DET","8","2015","POST","45","10"
"reg","2015110105","ATL","TB","8","2015","POST","20","23"
"reg","2015110108","CLE","ARI","8","2015","POST","20","34"
"reg","2015110107","STL","SF","8","2015","POST","27","6"
"reg","2015110106","NO","NYG","8","2015","POST","52","49"
"reg","2015110104","CHI","MIN","8","2015","POST","20","23"
"reg","2015110101","BAL","SD","8","2015","POST","29","26"
"reg","2015110102","PIT","CIN","8","2015","POST","10","16"
"reg","2015110103","HOU","TEN","8","2015","POST","20","6"
"reg","2015110109","OAK","NYJ","8","2015","POST","34","20"
"reg","2015110110","DAL","SEA","8","2015","POST","12","13"
"reg","2015110111","DEN","GB","8","2015","POST","29","10"
"reg","2015110200","CAR","IND","8","2015","POST","29","26"
"reg","2015110500","CIN","CLE","9","2015","POST","31","10"
"reg","2015110801","CAR","GB","9","2015","POST","37","29"
"reg","2015110802","NE","WAS","9","2015","POST","27","10"
"reg","2015110803","NO","TEN","9","2015","POST","28","34"
"reg","2015110804","BUF","MIA","9","2015","POST","33","17"
"reg","2015110800","MIN","STL","9","2015","POST","21","18"
"reg","2015110805","NYJ","JAC","9","2015","POST","28","23"
"reg","2015110806","PIT","OAK","9","2015","POST","38","35"
"reg","2015110807","TB","NYG","9","2015","POST","18","32"
"reg","2015110808","SF","ATL","9","2015","POST","17","16"
"reg","2015110809","IND","DEN","9","2015","POST","27","24"
"reg","2015110810","DAL","PHI","9","2015","POST","27","33"
"reg","2015110900","SD","CHI","9","2015","POST","19","22"
"reg","2015111200","NYJ","BUF","10","2015","POST","17","22"
"reg","2015111501","GB","DET","10","2015","POST","16","18"
"reg","2015111502","TB","DAL","10","2015","POST","10","6"
"reg","2015111503","TEN","CAR","10","2015","POST","10","27"
"reg","2015111504","STL","CHI","10","2015","POST","13","37"
"reg","2015111500","WAS","NO","10","2015","POST","47","14"
"reg","2015111505","PHI","MIA","10","2015","POST","19","20"
"reg","2015111507","PIT","CLE","10","2015","POST","30","9"
"reg","2015111506","BAL","JAC","10","2015","POST","20","22"
"reg","2015111508","OAK","MIN","10","2015","POST","14","30"
"reg","2015111509","NYG","NE","10","2015","POST","26","27"
"reg","2015111510","DEN","KC","10","2015","POST","13","29"
"reg","2015111511","SEA","ARI","10","2015","POST","32","39"
"reg","2015111600","CIN","HOU","10","2015","POST","6","10"
"reg","2015111900","JAC","TEN","11","2015","POST","19","13"
"reg","2015112201","DET","OAK","11","2015","POST","18","13"
"reg","2015112202","ATL","IND","11","2015","POST","21","24"
"reg","2015112208","BAL","STL","11","2015","POST","16","13"
"reg","2015112204","PHI","TB","11","2015","POST","17","45"
"reg","2015112200","CHI","DEN","11","2015","POST","15","17"
"reg","2015112203","HOU","NYJ","11","2015","POST","24","17"
"reg","2015112206","CAR","WAS","11","2015","POST","44","16"
"reg","2015112207","MIA","DAL","11","2015","POST","14","24"
"reg","2015112211","SD","KC","11","2015","POST","3","33"
"reg","2015112205","MIN","GB","11","2015","POST","13","30"
"reg","2015112210","SEA","SF","11","2015","POST","29","13"
"reg","2015112209","ARI","CIN","11","2015","POST","34","31"
"reg","2015112300","NE","BUF","11","2015","POST","20","13"
"reg","2015112600","DET","PHI","12","2015","POST","45","14"
"reg","2015112601","DAL","CAR","12","2015","POST","14","33"
"reg","2015112602","GB","CHI","12","2015","POST","13","17"
"reg","2015112903","HOU","NO","12","2015","POST","24","6"
"reg","2015112902","CIN","STL","12","2015","POST","31","7"
"reg","2015112901","ATL","MIN","12","2015","POST","10","20"
"reg","2015112900","WAS","NYG","12","2015","POST","20","14"
"reg","2015112904","IND","TB","12","2015","POST","25","12"
"reg","2015112908","KC","BUF","12","2015","POST","30","22"
"reg","2015112907","TEN","OAK","12","2015","POST","21","24"
"reg","2015112906","JAC","SD","12","2015","POST","25","31"
"reg","2015112905","NYJ","MIA","12","2015","POST","38","20"
"reg","2015112909","SF","ARI","12","2015","POST","13","19"
"reg","2015112910","SEA","PIT","12","2015","POST","39","30"
"reg","2015112911","DEN","NE","12","2015","POST","30","24"
"reg","2015113000","CLE","BAL","12","2015","POST","27","33"
"reg","2015120300","DET","GB","13","2015","POST","23","27"
"reg","2015120600","NYG","NYJ","13","2015","POST","20","23"
"reg","2015120609","STL","ARI","13","2015","POST","3","27"
"reg","2015120608","TB","ATL","13","2015","POST","23","19"
"reg","2015120606","MIN","SEA","13","2015","POST","7","38"
"reg","2015120605","CHI","SF","13","2015","POST","20","26"
"reg","2015120604","TEN","JAC","13","2015","POST","42","39"
"reg","2015120601","BUF","HOU","13","2015","POST","30","21"
"reg","2015120602","MIA","BAL","13","2015","POST","15","13"
"reg","2015120603","CLE","CIN","13","2015","POST","3","37"
"reg","2015120610","OAK","KC","13","2015","POST","20","34"
"reg","2015120611","SD","DEN","13","2015","POST","3","17"
"reg","2015120612","NE","PHI","13","2015","POST","28","35"
"reg","2015120607","NO","CAR","13","2015","POST","38","41"
"reg","2015120613","PIT","IND","13","2015","POST","45","10"
"reg","2015120700","WAS","DAL","13","2015","POST","16","19"
"reg","2015121000","ARI","MIN","14","2015","POST","23","20"
"reg","2015121300","PHI","BUF","14","2015","POST","23","20"
"reg","2015121313","BAL","SEA","14","2015","POST","6","35"
"reg","2015121310","CLE","SF","14","2015","POST","24","10"
"reg","2015121309","STL","DET","14","2015","POST","21","14"
"reg","2015121301","NYJ","TEN","14","2015","POST","30","8"
"reg","2015121302","CIN","PIT","14","2015","POST","20","33"
"reg","2015121304","JAC","IND","14","2015","POST","51","16"
"reg","2015121305","KC","SD","14","2015","POST","10","3"
"reg","2015121306","CHI","WAS","14","2015","POST","21","24"
"reg","2015121307","CAR","ATL","14","2015","POST","38","0"
"reg","2015121308","TB","NO","14","2015","POST","17","24"
"reg","2015121311","DEN","OAK","14","2015","POST","12","15"
"reg","2015121312","GB","DAL","14","2015","POST","28","7"
"reg","2015121303","HOU","NE","14","2015","POST","6","27"
"reg","2015121400","MIA","NYG","14","2015","POST","24","31"
"reg","2015121700","STL","TB","15","2015","POST","31","23"
"reg","2015121900","DAL","NYJ","15","2015","POST","16","19"
"reg","2015122000","NYG","CAR","15","2015","POST","35","38"
"reg","2015122005","NE","TEN","15","2015","POST","33","16"
"reg","2015122007","WAS","BUF","15","2015","POST","35","25"
"reg","2015122006","BAL","KC","15","2015","POST","14","34"
"reg","2015122004","IND","HOU","15","2015","POST","10","16"
"reg","2015122003","JAC","ATL","15","2015","POST","17","23"
"reg","2015122002","MIN","CHI","15","2015","POST","38","17"
"reg","2015122009","OAK","GB","15","2015","POST","20","30"
"reg","2015122008","SEA","CLE","15","2015","POST","30","13"
"reg","2015122012","SF","CIN","15","2015","POST","14","24"
"reg","2015122011","SD","MIA","15","2015","POST","30","14"
"reg","2015122010","PIT","DEN","15","2015","POST","34","27"
"reg","2015122001","PHI","ARI","15","2015","POST","17","40"
"reg","2015122100","NO","DET","15","2015","POST","27","35"
"reg","2015122400","OAK","SD","16","2015","POST","23","20"
"reg","2015122600","PHI","WAS","16","2015","POST","24","38"
"reg","2015122705","DET","SF","16","2015","POST","32","17"
"reg","2015122712","BAL","PIT","16","2015","POST","20","17"
"reg","2015122709","BUF","DAL","16","2015","POST","16","6"
"reg","2015122708","TB","CHI","16","2015","POST","21","26"
"reg","2015122707","ATL","CAR","16","2015","POST","20","13"
"reg","2015122701","MIA","IND","16","2015","POST","12","18"
"reg","2015122702","NYJ","NE","16","2015","POST","26","20"
"reg","2015122703","TEN","HOU","16","2015","POST","6","34"
"reg","2015122704","KC","CLE","16","2015","POST","17","13"
"reg","2015122700","NO","JAC","16","2015","POST","38","27"
"reg","2015122710","ARI","GB","16","2015","POST","38","8"
"reg","2015122711","SEA","STL","16","2015","POST","17","23"
"reg","2015122706","MIN","NYG","16","2015","POST","49","17"
"reg","2015122800","DEN","CIN","16","2015","POST","20","17"
"reg","2016010300","BUF","NYJ","17","2015","POST","22","17"
"reg","2016010301","MIA","NE","17","2015","POST","20","10"
"reg","2016010311","ATL","NO","17","2015","POST","17","20"
"reg","2016010309","CHI","DET","17","2015","POST","20","24"
"reg","2016010308","NYG","PHI","17","2015","POST","30","35"
"reg","2016010307","DAL","WAS","17","2015","POST","23","34"
"reg","2016010305","IND","TEN","17","2015","POST","30","24"
"reg","2016010302","CIN","BAL","17","2015","POST","24","16"
"reg","2016010303","CLE","PIT","17","2015","POST","12","28"
"reg","2016010304","HOU","JAC","17","2015","POST","30","6"
"reg","2016010306","KC","OAK","17","2015","POST","23","17"
"reg","2016010313","DEN","SD","17","2015","POST","27","20"
"reg","2016010312","CAR","TB","17","2015","POST","38","10"
"reg","2016010314","ARI","SEA","17","2015","POST","6","36"
"reg","2016010315","SF","STL","17","2015","POST","19","16"
"reg","2016010310","GB","MIN","17","2015","POST","13","20"
"reg","2017090700","NE","KC","1","2017","POST","27","42"
"reg","2017091000","BUF","NYJ","1","2017","POST","21","12"
"reg","2017091008","WAS","PHI","1","2017","POST","17","30"
"reg","2017091007","TEN","OAK","1","2017","POST","16","26"
"reg","2017091005","HOU","JAX","1","2017","POST","7","29"
"reg","2017091004","DET","ARI","1","2017","POST","35","23"
"reg","2017091003","CLE","PIT","1","2017","POST","18","21"
"reg","2017091001","CHI","ATL","1","2017","POST","17","23"
"reg","2017091002","CIN","BAL","1","2017","POST","0","20"
"reg","2017091009","LA","IND","1","2017","POST","46","9"
"reg","2017091011","SF","CAR","1","2017","POST","3","23"
"reg","2017091010","GB","SEA","1","2017","POST","17","9"
"reg","2017091012","DAL","NYG","1","2017","POST","19","3"
"reg","2017091100","MIN","NO","1","2017","POST","29","19"
"reg","2017091101","DEN","LAC","1","2017","POST","24","21"
"reg","2017091400","CIN","HOU","2","2017","POST","9","13"
"reg","2017091700","BAL","CLE","2","2017","POST","24","10"
"reg","2017091707","TB","CHI","2","2017","POST","29","7"
"reg","2017091706","PIT","MIN","2","2017","POST","26","9"
"reg","2017091705","NO","NE","2","2017","POST","20","36"
"reg","2017091704","KC","PHI","2","2017","POST","27","20"
"reg","2017091703","JAX","TEN","2","2017","POST","16","37"
"reg","2017091702","IND","ARI","2","2017","POST","13","16"
"reg","2017091701","CAR","BUF","2","2017","POST","9","3"
"reg","2017091709","OAK","NYJ","2","2017","POST","45","20"
"reg","2017091708","LAC","MIA","2","2017","POST","17","19"
"reg","2017091712","SEA","SF","2","2017","POST","12","9"
"reg","2017091711","LA","WAS","2","2017","POST","20","27"
"reg","2017091710","DEN","DAL","2","2017","POST","42","17"
"reg","2017091713","ATL","GB","2","2017","POST","34","23"
"reg","2017091800","NYG","DET","2","2017","POST","10","24"
"reg","2017092100","SF","LA","3","2017","POST","39","41"
"reg","2017092400","JAX","BAL","3","2017","POST","44","7"
"reg","2017092405","IND","CLE","3","2017","POST","31","28"
"reg","2017092409","PHI","NYG","3","2017","POST","27","24"
"reg","2017092408","NYJ","MIA","3","2017","POST","20","6"
"reg","2017092401","BUF","DEN","3","2017","POST","26","16"
"reg","2017092402","CAR","NO","3","2017","POST","13","34"
"reg","2017092403","CHI","PIT","3","2017","POST","23","17"
"reg","2017092404","DET","ATL","3","2017","POST","26","30"
"reg","2017092406","MIN","TB","3","2017","POST","34","17"
"reg","2017092407","NE","HOU","3","2017","POST","36","33"
"reg","2017092410","TEN","SEA","3","2017","POST","33","27"
"reg","2017092411","GB","CIN","3","2017","POST","27","24"
"reg","2017092412","LAC","KC","3","2017","POST","10","24"
"reg","2017092413","WAS","OAK","3","2017","POST","27","10"
"reg","2017092500","ARI","DAL","3","2017","POST","17","28"
"reg","2017092800","GB","CHI","4","2017","POST","35","14"
"reg","2017100100","MIA","NO","4","2017","POST","0","20"
"reg","2017100105","HOU","TEN","4","2017","POST","57","14"
"reg","2017100108","NYJ","JAX","4","2017","POST","23","20"
"reg","2017100107","NE","CAR","4","2017","POST","30","33"
"reg","2017100106","MIN","DET","4","2017","POST","7","14"
"reg","2017100101","ATL","BUF","4","2017","POST","17","23"
"reg","2017100102","BAL","PIT","4","2017","POST","9","26"
"reg","2017100103","CLE","CIN","4","2017","POST","7","31"
"reg","2017100104","DAL","LA","4","2017","POST","30","35"
"reg","2017100110","LAC","PHI","4","2017","POST","24","26"
"reg","2017100111","TB","NYG","4","2017","POST","25","23"
"reg","2017100109","ARI","SF","4","2017","POST","18","15"
"reg","2017100112","DEN","OAK","4","2017","POST","16","10"
"reg","2017100113","SEA","IND","4","2017","POST","46","18"
"reg","2017100200","KC","WAS","4","2017","POST","29","20"
"reg","2017100500","TB","NE","5","2017","POST","14","19"
"reg","2017100801","CLE","NYJ","5","2017","POST","14","17"
"reg","2017100802","DET","CAR","5","2017","POST","24","27"
"reg","2017100803","IND","SF","5","2017","POST","26","23"
"reg","2017100804","MIA","TEN","5","2017","POST","16","10"
"reg","2017100800","CIN","BUF","5","2017","POST","20","16"
"reg","2017100805","NYG","LAC","5","2017","POST","22","27"
"reg","2017100807","PIT","JAX","5","2017","POST","9","30"
"reg","2017100806","PHI","ARI","5","2017","POST","34","7"
"reg","2017100808","LA","SEA","5","2017","POST","10","16"
"reg","2017100809","OAK","BAL","5","2017","POST","17","30"
"reg","2017100810","DAL","GB","5","2017","POST","31","35"
"reg","2017100811","HOU","KC","5","2017","POST","34","42"
"reg","2017100900","CHI","MIN","5","2017","POST","17","20"
"reg","2017101200","CAR","PHI","6","2017","POST","23","28"
"reg","2017101501","BAL","CHI","6","2017","POST","24","27"
"reg","2017101502","HOU","CLE","6","2017","POST","33","17"
"reg","2017101503","MIN","GB","6","2017","POST","23","10"
"reg","2017101504","NO","DET","6","2017","POST","52","38"
"reg","2017101500","ATL","MIA","6","2017","POST","17","20"
"reg","2017101505","NYJ","NE","6","2017","POST","17","24"
"reg","2017101506","WAS","SF","6","2017","POST","26","24"
"reg","2017101507","ARI","TB","6","2017","POST","38","33"
"reg","2017101508","JAX","LA","6","2017","POST","17","27"
"reg","2017101509","KC","PIT","6","2017","POST","13","19"
"reg","2017101510","OAK","LAC","6","2017","POST","16","17"
"reg","2017101511","DEN","NYG","6","2017","POST","10","23"
"reg","2017101600","TEN","IND","6","2017","POST","36","22"
"reg","2017101900","OAK","KC","7","2017","POST","31","30"
"reg","2017102200","BUF","TB","7","2017","POST","30","27"
"reg","2017102207","MIN","BAL","7","2017","POST","24","16"
"reg","2017102206","MIA","NYJ","7","2017","POST","31","28"
"reg","2017102205","LA","ARI","7","2017","POST","33","0"
"reg","2017102204","IND","JAX","7","2017","POST","0","27"
"reg","2017102203","GB","NO","7","2017","POST","17","26"
"reg","2017102201","CHI","CAR","7","2017","POST","17","3"
"reg","2017102202","CLE","TEN","7","2017","POST","9","12"
"reg","2017102209","SF","DAL","7","2017","POST","10","40"
"reg","2017102210","LAC","DEN","7","2017","POST","21","0"
"reg","2017102208","PIT","CIN","7","2017","POST","29","14"
"reg","2017102211","NYG","SEA","7","2017","POST","7","24"
"reg","2017102212","NE","ATL","7","2017","POST","23","7"
"reg","2017102300","PHI","WAS","7","2017","POST","34","24"
"reg","2017102600","BAL","MIA","8","2017","POST","40","0"
"reg","2017102900","CLE","MIN","8","2017","POST","16","33"
"reg","2017102905","NYJ","ATL","8","2017","POST","20","25"
"reg","2017102907","TB","CAR","8","2017","POST","3","17"
"reg","2017102906","PHI","SF","8","2017","POST","33","10"
"reg","2017102904","NO","CHI","8","2017","POST","20","12"
"reg","2017102903","NE","LAC","8","2017","POST","21","13"
"reg","2017102901","BUF","OAK","8","2017","POST","34","14"
"reg","2017102902","CIN","IND","8","2017","POST","24","23"
"reg","2017102908","SEA","HOU","8","2017","POST","41","38"
"reg","2017102909","WAS","DAL","8","2017","POST","19","33"
"reg","2017102910","DET","PIT","8","2017","POST","15","20"
"reg","2017103000","KC","DEN","8","2017","POST","29","19"
"reg","2017110200","NYJ","BUF","9","2017","POST","34","21"
"reg","2017110501","HOU","IND","9","2017","POST","14","20"
"reg","2017110502","JAX","CIN","9","2017","POST","23","7"
"reg","2017110503","NO","TB","9","2017","POST","30","10"
"reg","2017110504","NYG","LA","9","2017","POST","17","51"
"reg","2017110500","CAR","ATL","9","2017","POST","20","17"
"reg","2017110505","PHI","DEN","9","2017","POST","51","23"
"reg","2017110506","TEN","BAL","9","2017","POST","23","20"
"reg","2017110507","SF","ARI","9","2017","POST","10","20"
"reg","2017110508","SEA","WAS","9","2017","POST","14","17"
"reg","2017110509","DAL","KC","9","2017","POST","28","17"
"reg","2017110510","MIA","OAK","9","2017","POST","24","27"
"reg","2017110600","GB","DET","9","2017","POST","17","30"
"reg","2017110900","ARI","SEA","10","2017","POST","16","22"
"reg","2017111201","CHI","GB","10","2017","POST","16","23"
"reg","2017111202","DET","CLE","10","2017","POST","38","24"
"reg","2017111203","IND","PIT","10","2017","POST","17","20"
"reg","2017111204","JAX","LAC","10","2017","POST","20","17"
"reg","2017111200","BUF","NO","10","2017","POST","10","47"
"reg","2017111205","TB","NYJ","10","2017","POST","15","10"
"reg","2017111207","WAS","MIN","10","2017","POST","30","38"
"reg","2017111206","TEN","CIN","10","2017","POST","24","20"
"reg","2017111208","LA","HOU","10","2017","POST","33","7"
"reg","2017111209","ATL","DAL","10","2017","POST","27","7"
"reg","2017111210","SF","NYG","10","2017","POST","31","21"
"reg","2017111211","DEN","NE","10","2017","POST","16","41"
"reg","2017111300","CAR","MIA","10","2017","POST","45","21"
"reg","2017111600","PIT","TEN","11","2017","POST","40","17"
"reg","2017111900","CHI","DET","11","2017","POST","24","27"
"reg","2017111901","CLE","JAX","11","2017","POST","7","19"
"reg","2017111902","GB","BAL","11","2017","POST","0","23"
"reg","2017111903","HOU","ARI","11","2017","POST","31","21"
"reg","2017111911","MIA","TB","11","2017","POST","20","30"
"reg","2017111904","MIN","LA","11","2017","POST","24","7"
"reg","2017111906","NYG","KC","11","2017","POST","12","9"
"reg","2017111905","NO","WAS","11","2017","POST","34","31"
"reg","2017111907","LAC","BUF","11","2017","POST","54","24"
"reg","2017111908","DEN","CIN","11","2017","POST","17","20"
"reg","2017111909","OAK","NE","11","2017","POST","8","33"
"reg","2017111910","DAL","PHI","11","2017","POST","9","37"
"reg","2017112000","SEA","ATL","11","2017","POST","31","34"
"reg","2017112300","DET","MIN","12","2017","POST","23","30"
"reg","2017112301","DAL","LAC","12","2017","POST","6","28"
"reg","2017112302","WAS","NYG","12","2017","POST","20","10"
"reg","2017112603","KC","BUF","12","2017","POST","10","16"
"reg","2017112602","IND","TEN","12","2017","POST","16","20"
"reg","2017112601","CIN","CLE","12","2017","POST","30","16"
"reg","2017112600","ATL","TB","12","2017","POST","34","20"
"reg","2017112604","NE","MIA","12","2017","POST","35","17"
"reg","2017112606","PHI","CHI","12","2017","POST","31","3"
"reg","2017112605","NYJ","CAR","12","2017","POST","27","35"
"reg","2017112608","SF","SEA","12","2017","POST","13","24"
"reg","2017112607","LA","NO","12","2017","POST","26","20"
"reg","2017112609","ARI","JAX","12","2017","POST","27","24"
"reg","2017112610","OAK","DEN","12","2017","POST","21","14"
"reg","2017112611","PIT","GB","12","2017","POST","31","28"
"reg","2017112700","BAL","HOU","12","2017","POST","23","16"
"reg","2017113000","DAL","WAS","13","2017","POST","38","14"
"reg","2017120300","ATL","MIN","13","2017","POST","9","14"
"reg","2017120309","TEN","HOU","13","2017","POST","24","13"
"reg","2017120308","NYJ","KC","13","2017","POST","38","31"
"reg","2017120306","MIA","DEN","13","2017","POST","35","9"
"reg","2017120305","JAX","IND","13","2017","POST","30","10"
"reg","2017120304","GB","TB","13","2017","POST","26","20"
"reg","2017120301","BAL","DET","13","2017","POST","44","20"
"reg","2017120302","BUF","NE","13","2017","POST","3","23"
"reg","2017120303","CHI","SF","13","2017","POST","14","15"
"reg","2017120310","LAC","CLE","13","2017","POST","19","10"
"reg","2017120312","OAK","NYG","13","2017","POST","24","17"
"reg","2017120307","NO","CAR","13","2017","POST","31","21"
"reg","2017120311","ARI","LA","13","2017","POST","16","32"
"reg","2017120313","SEA","PHI","13","2017","POST","24","10"
"reg","2017120400","CIN","PIT","13","2017","POST","20","23"
"reg","2017120700","ATL","NO","14","2017","POST","20","17"
"reg","2017121000","BUF","IND","14","2017","POST","13","7"
"reg","2017121012","NYG","DAL","14","2017","POST","10","30"
"reg","2017121007","TB","DET","14","2017","POST","21","24"
"reg","2017121006","KC","OAK","14","2017","POST","26","15"
"reg","2017121004","HOU","SF","14","2017","POST","16","26"
"reg","2017121003","CLE","GB","14","2017","POST","21","27"
"reg","2017121002","CIN","CHI","14","2017","POST","7","33"
"reg","2017121001","CAR","MIN","14","2017","POST","31","24"
"reg","2017121010","LAC","WAS","14","2017","POST","30","13"
"reg","2017121009","DEN","NYJ","14","2017","POST","23","0"
"reg","2017121008","ARI","TEN","14","2017","POST","12","7"
"reg","2017121011","LA","PHI","14","2017","POST","35","43"
"reg","2017121005","JAX","SEA","14","2017","POST","30","24"
"reg","2017121013","PIT","BAL","14","2017","POST","39","38"
"reg","2017121100","MIA","NE","14","2017","POST","27","20"
"reg","2017121400","IND","DEN","15","2017","POST","13","25"
"reg","2017121600","DET","CHI","15","2017","POST","20","10"
"reg","2017121601","KC","LAC","15","2017","POST","30","13"
"reg","2017121703","JAX","HOU","15","2017","POST","45","7"
"reg","2017121702","CLE","BAL","15","2017","POST","10","27"
"reg","2017121701","CAR","GB","15","2017","POST","31","24"
"reg","2017121700","BUF","MIA","15","2017","POST","24","16"
"reg","2017121704","MIN","CIN","15","2017","POST","34","7"
"reg","2017121707","WAS","ARI","15","2017","POST","20","15"
"reg","2017121706","NYG","PHI","15","2017","POST","29","34"
"reg","2017121705","NO","NYJ","15","2017","POST","31","19"
"reg","2017121708","SEA","LA","15","2017","POST","7","42"
"reg","2017121710","SF","TEN","15","2017","POST","25","23"
"reg","2017121709","PIT","NE","15","2017","POST","24","27"
"reg","2017121711","OAK","DAL","15","2017","POST","17","20"
"reg","2017121800","TB","ATL","15","2017","POST","21","24"
"reg","2017122300","BAL","IND","16","2017","POST","23","16"
"reg","2017122301","GB","MIN","16","2017","POST","0","16"
"reg","2017122402","CIN","DET","16","2017","POST","26","17"
"reg","2017122403","KC","MIA","16","2017","POST","29","13"
"reg","2017122404","NE","BUF","16","2017","POST","37","16"
"reg","2017122401","CHI","CLE","16","2017","POST","20","3"
"reg","2017122400","CAR","TB","16","2017","POST","22","19"
"reg","2017122405","NO","ATL","16","2017","POST","23","13"
"reg","2017122408","WAS","DEN","16","2017","POST","27","11"
"reg","2017122407","TEN","LA","16","2017","POST","23","27"
"reg","2017122406","NYJ","LAC","16","2017","POST","7","14"
"reg","2017122409","SF","JAX","16","2017","POST","44","33"
"reg","2017122411","DAL","SEA","16","2017","POST","12","21"
"reg","2017122410","ARI","NYG","16","2017","POST","23","0"
"reg","2017122500","HOU","PIT","16","2017","POST","6","34"
"reg","2017122501","PHI","OAK","16","2017","POST","19","10"
"reg","2017123107","NYG","WAS","17","2017","POST","18","10"
"reg","2017123106","NE","NYJ","17","2017","POST","26","6"
"reg","2017123105","MIN","CHI","17","2017","POST","23","10"
"reg","2017123102","DET","GB","17","2017","POST","35","11"
"reg","2017123103","IND","HOU","17","2017","POST","22","13"
"reg","2017123109","PIT","CLE","17","2017","POST","28","24"
"reg","2017123108","PHI","DAL","17","2017","POST","0","6"
"reg","2017123114","LA","SF","17","2017","POST","13","34"
"reg","2017123113","LAC","OAK","17","2017","POST","30","10"
"reg","2017123112","DEN","KC","17","2017","POST","24","27"
"reg","2017123111","TEN","JAX","17","2017","POST","15","10"
"reg","2017123110","TB","NO","17","2017","POST","31","24"
"reg","2017123104","MIA","BUF","17","2017","POST","16","22"
"reg","2017123115","SEA","ARI","17","2017","POST","24","26"
"reg","2017123100","ATL","CAR","17","2017","POST","22","10"
"reg","2017123101","BAL","CIN","17","2017","POST","27","31"
"reg","2018090600","PHI","ATL","1","2018","POST","18","12"
"reg","2018090900","BAL","BUF","1","2018","POST","47","3"
"reg","2018090907","NYG","JAX","1","2018","POST","15","20"
"reg","2018090906","NO","TB","1","2018","POST","40","48"
"reg","2018090905","NE","HOU","1","2018","POST","27","20"
"reg","2018090904","MIN","SF","1","2018","POST","24","16"
"reg","2018090903","MIA","TEN","1","2018","POST","27","20"
"reg","2018090902","IND","CIN","1","2018","POST","23","34"
"reg","2018090901","CLE","PIT","1","2018","POST","21","21"
"reg","2018090908","LAC","KC","1","2018","POST","28","38"
"reg","2018090911","DEN","SEA","1","2018","POST","27","24"
"reg","2018090910","CAR","DAL","1","2018","POST","16","8"
"reg","2018090909","ARI","WAS","1","2018","POST","6","24"
"reg","2018090912","GB","CHI","1","2018","POST","24","23"
"reg","2018091000","DET","NYJ","1","2018","POST","17","48"
"reg","2018091001","OAK","LA","1","2018","POST","13","33"
"reg","2018091300","CIN","BAL","2","2018","POST","34","23"
"reg","2018091600","ATL","CAR","2","2018","POST","31","24"
"reg","2018091608","WAS","IND","2","2018","POST","9","21"
"reg","2018091607","TEN","HOU","2","2018","POST","20","17"
"reg","2018091606","TB","PHI","2","2018","POST","27","21"
"reg","2018091605","PIT","KC","2","2018","POST","37","42"
"reg","2018091604","NYJ","MIA","2","2018","POST","12","20"
"reg","2018091601","BUF","LAC","2","2018","POST","20","31"
"reg","2018091602","GB","MIN","2","2018","POST","29","29"
"reg","2018091603","NO","CLE","2","2018","POST","21","18"
"reg","2018091610","SF","DET","2","2018","POST","30","27"
"reg","2018091609","LA","ARI","2","2018","POST","34","0"
"reg","2018091612","JAX","NE","2","2018","POST","31","20"
"reg","2018091611","DEN","OAK","2","2018","POST","20","19"
"reg","2018091613","DAL","NYG","2","2018","POST","20","13"
"reg","2018091700","CHI","SEA","2","2018","POST","24","17"
"reg","2018092000","CLE","NYJ","3","2018","POST","21","17"
"reg","2018092300","ATL","NO","3","2018","POST","37","43"
"reg","2018092309","WAS","GB","3","2018","POST","31","17"
"reg","2018092308","PHI","IND","3","2018","POST","20","16"
"reg","2018092307","MIN","BUF","3","2018","POST","6","27"
"reg","2018092306","MIA","OAK","3","2018","POST","28","20"
"reg","2018092301","BAL","DEN","3","2018","POST","27","14"
"reg","2018092302","CAR","CIN","3","2018","POST","31","21"
"reg","2018092303","HOU","NYG","3","2018","POST","22","27"
"reg","2018092304","JAX","TEN","3","2018","POST","6","9"
"reg","2018092305","KC","SF","3","2018","POST","38","27"
"reg","2018092310","LA","LAC","3","2018","POST","35","23"
"reg","2018092312","SEA","DAL","3","2018","POST","24","13"
"reg","2018092311","ARI","CHI","3","2018","POST","14","16"
"reg","2018092313","DET","NE","3","2018","POST","26","10"
"reg","2018092400","TB","PIT","3","2018","POST","27","30"
"reg","2018092700","LA","MIN","4","2018","POST","38","31"
"reg","2018093005","JAX","NYJ","4","2018","POST","31","12"
"reg","2018093006","NE","MIA","4","2018","POST","38","7"
"reg","2018093007","TEN","PHI","4","2018","POST","26","23"
"reg","2018093004","IND","HOU","4","2018","POST","34","37"
"reg","2018093003","GB","BUF","4","2018","POST","22","0"
"reg","2018093002","DAL","DET","4","2018","POST","26","24"
"reg","2018093001","CHI","TB","4","2018","POST","48","10"
"reg","2018093000","ATL","CIN","4","2018","POST","36","37"
"reg","2018093008","ARI","SEA","4","2018","POST","17","20"
"reg","2018093009","OAK","CLE","4","2018","POST","45","42"
"reg","2018093011","NYG","NO","4","2018","POST","18","33"
"reg","2018093010","LAC","SF","4","2018","POST","29","27"
"reg","2018093012","PIT","BAL","4","2018","POST","14","26"
"reg","2018100100","DEN","KC","4","2018","POST","23","27"
"reg","2018100400","NE","IND","5","2018","POST","38","24"
"reg","2018100700","BUF","TEN","5","2018","POST","13","12"
"reg","2018100707","PIT","ATL","5","2018","POST","41","17"
"reg","2018100706","NYJ","DEN","5","2018","POST","34","16"
"reg","2018100705","KC","JAX","5","2018","POST","30","14"
"reg","2018100704","DET","GB","5","2018","POST","31","23"
"reg","2018100703","CLE","BAL","5","2018","POST","12","9"
"reg","2018100701","CAR","NYG","5","2018","POST","33","31"
"reg","2018100702","CIN","MIA","5","2018","POST","27","17"
"reg","2018100708","LAC","OAK","5","2018","POST","26","10"
"reg","2018100710","SF","ARI","5","2018","POST","18","28"
"reg","2018100709","PHI","MIN","5","2018","POST","21","23"
"reg","2018100711","SEA","LA","5","2018","POST","31","33"
"reg","2018100712","HOU","DAL","5","2018","POST","19","16"
"reg","2018100800","NO","WAS","5","2018","POST","43","19"
"reg","2018101100","NYG","PHI","6","2018","POST","13","34"
"reg","2018101400","ATL","TB","6","2018","POST","34","29"
"reg","2018101408","WAS","CAR","6","2018","POST","23","17"
"reg","2018101407","OAK","SEA","6","2018","POST","3","27"
"reg","2018101406","NYJ","IND","6","2018","POST","42","34"
"reg","2018101405","MIN","ARI","6","2018","POST","27","17"
"reg","2018101401","CIN","PIT","6","2018","POST","21","28"
"reg","2018101402","CLE","LAC","6","2018","POST","14","38"
"reg","2018101403","HOU","BUF","6","2018","POST","20","13"
"reg","2018101404","MIA","CHI","6","2018","POST","31","28"
"reg","2018101409","DEN","LA","6","2018","POST","20","23"
"reg","2018101411","TEN","BAL","6","2018","POST","0","21"
"reg","2018101410","DAL","JAX","6","2018","POST","40","7"
"reg","2018101412","NE","KC","6","2018","POST","43","40"
"reg","2018101500","GB","SF","6","2018","POST","33","30"
"reg","2018101800","ARI","DEN","7","2018","POST","10","45"
"reg","2018102100","LAC","TEN","7","2018","POST","20","19"
"reg","2018102104","JAX","HOU","7","2018","POST","7","20"
"reg","2018102108","PHI","CAR","7","2018","POST","17","21"
"reg","2018102107","NYJ","MIN","7","2018","POST","17","37"
"reg","2018102102","CHI","NE","7","2018","POST","31","38"
"reg","2018102103","IND","BUF","7","2018","POST","37","5"
"reg","2018102109","TB","CLE","7","2018","POST","26","23"
"reg","2018102106","MIA","DET","7","2018","POST","21","32"
"reg","2018102101","BAL","NO","7","2018","POST","23","24"
"reg","2018102110","WAS","DAL","7","2018","POST","20","17"
"reg","2018102111","SF","LA","7","2018","POST","10","39"
"reg","2018102105","KC","CIN","7","2018","POST","45","10"
"reg","2018102200","ATL","NYG","7","2018","POST","23","20"
"reg","2018102500","HOU","MIA","8","2018","POST","42","23"
"reg","2018102800","JAX","PHI","8","2018","POST","18","24"
"reg","2018102805","KC","DEN","8","2018","POST","30","23"
"reg","2018102807","PIT","CLE","8","2018","POST","33","18"
"reg","2018102806","NYG","WAS","8","2018","POST","13","20"
"reg","2018102804","DET","SEA","8","2018","POST","14","28"
"reg","2018102803","CIN","TB","8","2018","POST","37","34"
"reg","2018102802","CHI","NYJ","8","2018","POST","24","10"
"reg","2018102801","CAR","BAL","8","2018","POST","36","21"
"reg","2018102808","OAK","IND","8","2018","POST","28","42"
"reg","2018102809","ARI","SF","8","2018","POST","18","15"
"reg","2018102810","LA","GB","8","2018","POST","29","27"
"reg","2018102811","MIN","NO","8","2018","POST","20","30"
"reg","2018102900","BUF","NE","8","2018","POST","6","25"
"reg","2018110100","SF","OAK","9","2018","POST","34","3"
"reg","2018110401","BUF","CHI","9","2018","POST","9","41"
"reg","2018110402","CAR","TB","9","2018","POST","42","28"
"reg","2018110403","CLE","KC","9","2018","POST","21","37"
"reg","2018110404","MIA","NYJ","9","2018","POST","13","6"
"reg","2018110400","BAL","PIT","9","2018","POST","16","23"
"reg","2018110405","MIN","DET","9","2018","POST","24","9"
"reg","2018110406","WAS","ATL","9","2018","POST","14","38"
"reg","2018110407","DEN","HOU","9","2018","POST","17","19"
"reg","2018110408","SEA","LAC","9","2018","POST","17","25"
"reg","2018110409","NO","LA","9","2018","POST","45","35"
"reg","2018110410","NE","GB","9","2018","POST","31","17"
"reg","2018110500","DAL","TEN","9","2018","POST","14","28"
"reg","2018110800","PIT","CAR","10","2018","POST","52","21"
"reg","2018111101","CIN","NO","10","2018","POST","14","51"
"reg","2018111102","CLE","ATL","10","2018","POST","28","16"
"reg","2018111100","CHI","DET","10","2018","POST","34","22"
"reg","2018111105","KC","ARI","10","2018","POST","26","14"
"reg","2018111108","TEN","NE","10","2018","POST","34","10"
"reg","2018111107","TB","WAS","10","2018","POST","3","16"
"reg","2018111106","NYJ","BUF","10","2018","POST","10","41"
"reg","2018111104","IND","JAX","10","2018","POST","29","26"
"reg","2018111109","OAK","LAC","10","2018","POST","6","20"
"reg","2018111110","LA","SEA","10","2018","POST","36","31"
"reg","2018111103","GB","MIA","10","2018","POST","31","12"
"reg","2018111111","PHI","DAL","10","2018","POST","20","27"
"reg","2018111200","SF","NYG","10","2018","POST","23","27"
"reg","2018111500","SEA","GB","11","2018","POST","27","24"
"reg","2018111801","BAL","CIN","11","2018","POST","24","21"
"reg","2018111800","ATL","DAL","11","2018","POST","19","22"
"reg","2018111805","NYG","TB","11","2018","POST","38","35"
"reg","2018111810","JAX","PIT","11","2018","POST","16","20"
"reg","2018111806","WAS","HOU","11","2018","POST","21","23"
"reg","2018111804","IND","TEN","11","2018","POST","38","10"
"reg","2018111803","DET","CAR","11","2018","POST","20","19"
"reg","2018111808","LAC","DEN","11","2018","POST","22","23"
"reg","2018111807","ARI","OAK","11","2018","POST","21","23"
"reg","2018111809","NO","PHI","11","2018","POST","48","7"
"reg","2018111802","CHI","MIN","11","2018","POST","25","20"
"reg","2018111900","LA","KC","11","2018","POST","54","51"
"reg","2018112200","DET","CHI","12","2018","POST","16","23"
"reg","2018112201","DAL","WAS","12","2018","POST","31","23"
"reg","2018112202","NO","ATL","12","2018","POST","31","17"
"reg","2018112503","CIN","CLE","12","2018","POST","20","35"
"reg","2018112507","TB","SF","12","2018","POST","27","9"
"reg","2018112501","BUF","JAX","12","2018","POST","24","21"
"reg","2018112500","BAL","OAK","12","2018","POST","34","17"
"reg","2018112502","CAR","SEA","12","2018","POST","27","30"
"reg","2018112505","NYJ","NE","12","2018","POST","13","27"
"reg","2018112506","PHI","NYG","12","2018","POST","25","22"
"reg","2018112508","LAC","ARI","12","2018","POST","45","10"
"reg","2018112504","IND","MIA","12","2018","POST","27","24"
"reg","2018112509","DEN","PIT","12","2018","POST","24","17"
"reg","2018112510","MIN","GB","12","2018","POST","24","17"
"reg","2018112600","HOU","TEN","12","2018","POST","34","17"
"reg","2018112900","DAL","NO","13","2018","POST","13","10"
"reg","2018120200","ATL","BAL","13","2018","POST","16","26"
"reg","2018120209","TB","CAR","13","2018","POST","24","17"
"reg","2018120207","NYG","CHI","13","2018","POST","30","27"
"reg","2018120206","MIA","BUF","13","2018","POST","21","17"
"reg","2018120205","JAX","IND","13","2018","POST","6","0"
"reg","2018120204","HOU","CLE","13","2018","POST","29","13"
"reg","2018120201","CIN","DEN","13","2018","POST","10","24"
"reg","2018120202","DET","LA","13","2018","POST","16","30"
"reg","2018120203","GB","ARI","13","2018","POST","17","20"
"reg","2018120210","OAK","KC","13","2018","POST","33","40"
"reg","2018120211","TEN","NYJ","13","2018","POST","26","22"
"reg","2018120213","SEA","SF","13","2018","POST","43","16"
"reg","2018120212","NE","MIN","13","2018","POST","24","10"
"reg","2018120208","PIT","LAC","13","2018","POST","30","33"
"reg","2018120300","PHI","WAS","13","2018","POST","28","13"
"reg","2018120600","TEN","JAX","14","2018","POST","30","9"
"reg","2018120900","BUF","NYJ","14","2018","POST","23","27"
"reg","2018120908","WAS","NYG","14","2018","POST","16","40"
"reg","2018120907","TB","NO","14","2018","POST","14","28"
"reg","2018120906","MIA","NE","14","2018","POST","34","33"
"reg","2018120905","KC","BAL","14","2018","POST","27","24"
"reg","2018120904","HOU","IND","14","2018","POST","21","24"
"reg","2018120903","GB","ATL","14","2018","POST","34","20"
"reg","2018120902","CLE","CAR","14","2018","POST","26","20"
"reg","2018120910","SF","DEN","14","2018","POST","20","14"
"reg","2018120909","LAC","CIN","14","2018","POST","26","21"
"reg","2018120911","ARI","DET","14","2018","POST","3","17"
"reg","2018120913","OAK","PIT","14","2018","POST","24","21"
"reg","2018120912","DAL","PHI","14","2018","POST","29","23"
"reg","2018120901","CHI","LA","14","2018","POST","15","6"
"reg","2018121000","SEA","MIN","14","2018","POST","21","7"
"reg","2018121300","KC","LAC","15","2018","POST","28","29"
"reg","2018121500","NYJ","HOU","15","2018","POST","22","29"
"reg","2018121501","DEN","CLE","15","2018","POST","16","17"
"reg","2018121603","CHI","GB","15","2018","POST","24","17"
"reg","2018121602","BUF","DET","15","2018","POST","14","13"
"reg","2018121601","BAL","TB","15","2018","POST","20","12"
"reg","2018121600","ATL","ARI","15","2018","POST","40","14"
"reg","2018121604","CIN","OAK","15","2018","POST","30","16"
"reg","2018121608","NYG","TEN","15","2018","POST","0","17"
"reg","2018121607","MIN","MIA","15","2018","POST","41","17"
"reg","2018121606","JAX","WAS","15","2018","POST","13","16"
"reg","2018121605","IND","DAL","15","2018","POST","23","0"
"reg","2018121609","SF","SEA","15","2018","POST","26","23"
"reg","2018121610","PIT","NE","15","2018","POST","17","10"
"reg","2018121611","LA","PHI","15","2018","POST","23","30"
"reg","2018121700","CAR","NO","15","2018","POST","9","12"
"reg","2018122200","TEN","WAS","16","2018","POST","25","16"
"reg","2018122201","LAC","BAL","16","2018","POST","10","22"
"reg","2018122305","CLE","CIN","16","2018","POST","26","18"
"reg","2018122306","DAL","TB","16","2018","POST","27","20"
"reg","2018122307","DET","MIN","16","2018","POST","9","27"
"reg","2018122308","NE","BUF","16","2018","POST","24","12"
"reg","2018122309","NYJ","GB","16","2018","POST","38","44"
"reg","2018122310","PHI","HOU","16","2018","POST","32","30"
"reg","2018122304","CAR","ATL","16","2018","POST","10","24"
"reg","2018122300","IND","NYG","16","2018","POST","28","27"
"reg","2018122302","MIA","JAX","16","2018","POST","7","17"
"reg","2018122311","ARI","LA","16","2018","POST","9","31"
"reg","2018122312","SF","CHI","16","2018","POST","9","14"
"reg","2018122313","NO","PIT","16","2018","POST","31","28"
"reg","2018122314","SEA","KC","16","2018","POST","38","31"
"reg","2018122400","OAK","DEN","16","2018","POST","27","14"
"reg","2018123001","BUF","MIA","17","2018","POST","42","17"
"reg","2018123010","TB","ATL","17","2018","POST","32","34"
"reg","2018123008","NYG","DAL","17","2018","POST","35","36"
"reg","2018123007","NO","CAR","17","2018","POST","14","33"
"reg","2018123006","NE","NYJ","17","2018","POST","38","3"
"reg","2018123003","HOU","JAX","17","2018","POST","20","3"
"reg","2018123002","GB","DET","17","2018","POST","0","31"
"reg","2018123012","WAS","PHI","17","2018","POST","0","24"
"reg","2018123013","DEN","LAC","17","2018","POST","9","23"
"reg","2018123004","KC","OAK","17","2018","POST","35","3"
"reg","2018123005","MIN","CHI","17","2018","POST","10","24"
"reg","2018123000","BAL","CLE","17","2018","POST","26","24"
"reg","2018123014","LA","SF","17","2018","POST","48","32"
"reg","2018123009","PIT","CIN","17","2018","POST","16","13"
"reg","2018123015","SEA","ARI","17","2018","POST","27","24"
"reg","2018123011","TEN","IND","17","2018","POST","17","33"
"reg","2019090500","CHI","GB","1","2019","POST","3","10"
"reg","2019090800","CAR","LA","1","2019","POST","27","30"
"reg","2019090806","PHI","WAS","1","2019","POST","32","27"
"reg","2019090805","NYJ","BUF","1","2019","POST","16","17"
"reg","2019090804","MIN","ATL","1","2019","POST","28","12"
"reg","2019090803","MIA","BAL","1","2019","POST","10","59"
"reg","2019090802","JAX","KC","1","2019","POST","26","40"
"reg","2019090801","CLE","TEN","1","2019","POST","13","43"
"reg","2019090807","LAC","IND","1","2019","POST","30","24"
"reg","2019090808","SEA","CIN","1","2019","POST","21","20"
"reg","2019090811","TB","SF","1","2019","POST","17","31"
"reg","2019090810","DAL","NYG","1","2019","POST","35","17"
"reg","2019090809","ARI","DET","1","2019","POST","27","27"
"reg","2019090812","NE","PIT","1","2019","POST","33","3"
"reg","2019090900","NO","HOU","1","2019","POST","30","28"
"reg","2019090901","OAK","DEN","1","2019","POST","24","16"
"reg","2019091200","CAR","TB","2","2019","POST","14","20"
"reg","2019091500","BAL","ARI","2","2019","POST","23","17"
"reg","2019091509","WAS","DAL","2","2019","POST","21","31"
"reg","2019091508","TEN","IND","2","2019","POST","17","19"
"reg","2019091507","PIT","SEA","2","2019","POST","26","28"
"reg","2019091506","NYG","BUF","2","2019","POST","14","28"
"reg","2019091501","CIN","SF","2","2019","POST","17","41"
"reg","2019091502","DET","LAC","2","2019","POST","13","10"
"reg","2019091503","GB","MIN","2","2019","POST","21","16"
"reg","2019091504","HOU","JAX","2","2019","POST","13","12"
"reg","2019091505","MIA","NE","2","2019","POST","0","43"
"reg","2019091510","OAK","KC","2","2019","POST","10","28"
"reg","2019091512","LA","NO","2","2019","POST","27","9"
"reg","2019091511","DEN","CHI","2","2019","POST","14","16"
"reg","2019091513","ATL","PHI","2","2019","POST","24","20"
"reg","2019091600","NYJ","CLE","2","2019","POST","3","23"
"reg","2019091900","JAX","TEN","3","2019","POST","20","7"
"reg","2019092200","BUF","CIN","3","2019","POST","21","17"
"reg","2019092207","PHI","DET","3","2019","POST","24","27"
"reg","2019092206","NE","NYJ","3","2019","POST","30","14"
"reg","2019092205","MIN","OAK","3","2019","POST","34","14"
"reg","2019092204","KC","BAL","3","2019","POST","33","28"
"reg","2019092203","IND","ATL","3","2019","POST","27","24"
"reg","2019092202","GB","DEN","3","2019","POST","27","16"
"reg","2019092201","DAL","MIA","3","2019","POST","31","6"
"reg","2019092209","TB","NYG","3","2019","POST","31","32"
"reg","2019092208","ARI","CAR","3","2019","POST","20","38"
"reg","2019092212","SF","PIT","3","2019","POST","24","20"
"reg","2019092211","SEA","NO","3","2019","POST","27","33"
"reg","2019092210","LAC","HOU","3","2019","POST","20","27"
"reg","2019092213","CLE","LA","3","2019","POST","13","20"
"reg","2019092300","WAS","CHI","3","2019","POST","15","31"
"reg","2019092600","GB","PHI","4","2019","POST","27","34"
"reg","2019092900","ATL","TEN","4","2019","POST","10","24"
"reg","2019092907","NYG","WAS","4","2019","POST","24","3"
"reg","2019092906","MIA","LAC","4","2019","POST","10","30"
"reg","2019092905","IND","OAK","4","2019","POST","24","31"
"reg","2019092904","HOU","CAR","4","2019","POST","10","16"
"reg","2019092903","DET","KC","4","2019","POST","30","34"
"reg","2019092901","BAL","CLE","4","2019","POST","25","40"
"reg","2019092902","BUF","NE","4","2019","POST","10","16"
"reg","2019092909","LA","TB","4","2019","POST","40","55"
"reg","2019092908","ARI","SEA","4","2019","POST","10","27"
"reg","2019092910","CHI","MIN","4","2019","POST","16","6"
"reg","2019092911","DEN","JAX","4","2019","POST","24","26"
"reg","2019092912","NO","DAL","4","2019","POST","12","10"
"reg","2019093000","PIT","CIN","4","2019","POST","27","3"
"reg","2019100300","SEA","LA","5","2019","POST","30","29"
"reg","2019100600","CAR","JAX","5","2019","POST","34","27"
"reg","2019100609","WAS","NE","5","2019","POST","7","33"
"reg","2019100608","TEN","BUF","5","2019","POST","7","14"
"reg","2019100607","PIT","BAL","5","2019","POST","23","26"
"reg","2019100601","CIN","ARI","5","2019","POST","23","26"
"reg","2019100602","HOU","ATL","5","2019","POST","53","32"
"reg","2019100603","NO","TB","5","2019","POST","31","24"
"reg","2019100604","NYG","MIN","5","2019","POST","10","28"
"reg","2019100605","OAK","CHI","5","2019","POST","24","21"
"reg","2019100606","PHI","NYJ","5","2019","POST","31","6"
"reg","2019100610","LAC","DEN","5","2019","POST","13","20"
"reg","2019100611","DAL","GB","5","2019","POST","24","34"
"reg","2019100612","KC","IND","5","2019","POST","13","19"
"reg","2019100700","SF","CLE","5","2019","POST","31","3"
"reg","2019101000","NE","NYG","6","2019","POST","35","14"
"reg","2019101300","TB","CAR","6","2019","POST","26","37"
"reg","2019101305","MIA","WAS","6","2019","POST","16","17"
"reg","2019101306","MIN","PHI","6","2019","POST","38","20"
"reg","2019101304","KC","HOU","6","2019","POST","24","31"
"reg","2019101303","JAX","NO","6","2019","POST","6","13"
"reg","2019101302","CLE","SEA","6","2019","POST","28","32"
"reg","2019101301","BAL","CIN","6","2019","POST","23","17"
"reg","2019101308","LA","SF","6","2019","POST","7","20"
"reg","2019101307","ARI","ATL","6","2019","POST","34","33"
"reg","2019101310","NYJ","DAL","6","2019","POST","24","22"
"reg","2019101309","DEN","TEN","6","2019","POST","16","0"
"reg","2019101311","LAC","PIT","6","2019","POST","17","24"
"reg","2019101400","GB","DET","6","2019","POST","23","22"
"reg","2019101700","DEN","KC","7","2019","POST","6","30"
"reg","2019102001","BUF","MIA","7","2019","POST","31","21"
"reg","2019102002","CIN","JAX","7","2019","POST","17","27"
"reg","2019102003","DET","MIN","7","2019","POST","30","42"
"reg","2019102004","GB","OAK","7","2019","POST","42","24"
"reg","2019102000","ATL","LA","7","2019","POST","10","37"
"reg","2019102005","IND","HOU","7","2019","POST","30","23"
"reg","2019102007","WAS","SF","7","2019","POST","0","9"
"reg","2019102006","NYG","ARI","7","2019","POST","21","27"
"reg","2019102008","TEN","LAC","7","2019","POST","23","20"
"reg","2019102009","CHI","NO","7","2019","POST","25","36"
"reg","2019102010","SEA","BAL","7","2019","POST","16","30"
"reg","2019102011","DAL","PHI","7","2019","POST","37","10"
"reg","2019102100","NYJ","NE","7","2019","POST","0","33"
"reg","2019102400","MIN","WAS","8","2019","POST","19","9"
"reg","2019102700","ATL","SEA","8","2019","POST","20","27"
"reg","2019102710","IND","DEN","8","2019","POST","15","13"
"reg","2019102708","TEN","TB","8","2019","POST","27","23"
"reg","2019102707","NO","ARI","8","2019","POST","31","9"
"reg","2019102706","LA","CIN","8","2019","POST","24","10"
"reg","2019102701","BUF","PHI","8","2019","POST","13","31"
"reg","2019102702","CHI","LAC","8","2019","POST","16","17"
"reg","2019102703","DET","NYG","8","2019","POST","31","26"
"reg","2019102705","JAX","NYJ","8","2019","POST","29","15"
"reg","2019102709","SF","CAR","8","2019","POST","51","13"
"reg","2019102704","HOU","OAK","8","2019","POST","27","24"
"reg","2019102711","NE","CLE","8","2019","POST","27","13"
"reg","2019102712","KC","GB","8","2019","POST","24","31"
"reg","2019102800","PIT","MIA","8","2019","POST","27","14"
"reg","2019103100","ARI","SF","9","2019","POST","25","28"
"reg","2019110300","JAX","HOU","9","2019","POST","3","26"
"reg","2019110305","PHI","CHI","9","2019","POST","22","14"
"reg","2019110306","PIT","IND","9","2019","POST","26","24"
"reg","2019110304","MIA","NYJ","9","2019","POST","26","18"
"reg","2019110303","KC","MIN","9","2019","POST","26","23"
"reg","2019110302","CAR","TEN","9","2019","POST","30","20"
"reg","2019110301","BUF","WAS","9","2019","POST","24","9"
"reg","2019110308","SEA","TB","9","2019","POST","40","34"
"reg","2019110307","OAK","DET","9","2019","POST","31","24"
"reg","2019110310","LAC","GB","9","2019","POST","26","11"
"reg","2019110309","DEN","CLE","9","2019","POST","24","19"
"reg","2019110311","BAL","NE","9","2019","POST","37","20"
"reg","2019110400","NYG","DAL","9","2019","POST","18","37"
"reg","2019110700","OAK","LAC","10","2019","POST","26","24"
"reg","2019111001","CIN","BAL","10","2019","POST","13","49"
"reg","2019111002","CLE","BUF","10","2019","POST","19","16"
"reg","2019111000","CHI","DET","10","2019","POST","20","13"
"reg","2019111005","NYJ","NYG","10","2019","POST","34","27"
"reg","2019111007","TEN","KC","10","2019","POST","35","32"
"reg","2019111006","TB","ARI","10","2019","POST","30","27"
"reg","2019111004","NO","ATL","10","2019","POST","9","26"
"reg","2019111008","IND","MIA","10","2019","POST","12","16"
"reg","2019111009","PIT","LA","10","2019","POST","17","12"
"reg","2019111003","GB","CAR","10","2019","POST","24","16"
"reg","2019111010","DAL","MIN","10","2019","POST","24","28"
"reg","2019111100","SF","SEA","10","2019","POST","24","27"
"reg","2019111400","CLE","PIT","11","2019","POST","21","7"
"reg","2019111701","CAR","ATL","11","2019","POST","3","29"
"reg","2019111702","DET","DAL","11","2019","POST","27","35"
"reg","2019111703","IND","JAX","11","2019","POST","33","13"
"reg","2019111704","MIA","BUF","11","2019","POST","20","37"
"reg","2019111700","BAL","HOU","11","2019","POST","41","7"
"reg","2019111705","MIN","DEN","11","2019","POST","27","23"
"reg","2019111707","WAS","NYJ","11","2019","POST","17","34"
"reg","2019111706","TB","NO","11","2019","POST","17","34"
"reg","2019111708","SF","ARI","11","2019","POST","36","26"
"reg","2019111709","OAK","CIN","11","2019","POST","17","10"
"reg","2019111710","PHI","NE","11","2019","POST","10","17"
"reg","2019111711","LA","CHI","11","2019","POST","17","7"
"reg","2019111800","LAC","KC","11","2019","POST","17","24"
"reg","2019112100","HOU","IND","12","2019","POST","20","17"
"reg","2019112401","BUF","DEN","12","2019","POST","20","3"
"reg","2019112402","CHI","NYG","12","2019","POST","19","14"
"reg","2019112403","CIN","PIT","12","2019","POST","10","16"
"reg","2019112404","CLE","MIA","12","2019","POST","41","24"
"reg","2019112400","ATL","TB","12","2019","POST","22","35"
"reg","2019112405","NO","CAR","12","2019","POST","34","31"
"reg","2019112411","PHI","SEA","12","2019","POST","9","17"
"reg","2019112407","WAS","DET","12","2019","POST","19","16"
"reg","2019112406","NYJ","OAK","12","2019","POST","34","3"
"reg","2019112408","TEN","JAX","12","2019","POST","42","20"
"reg","2019112409","NE","DAL","12","2019","POST","13","9"
"reg","2019112410","SF","GB","12","2019","POST","37","8"
"reg","2019112500","LA","BAL","12","2019","POST","6","45"
"reg","2019112800","DET","CHI","13","2019","POST","20","24"
"reg","2019112801","DAL","BUF","13","2019","POST","15","26"
"reg","2019112802","ATL","NO","13","2019","POST","18","26"
"reg","2019120103","IND","TEN","13","2019","POST","17","31"
"reg","2019120102","CIN","NYJ","13","2019","POST","22","6"
"reg","2019120101","CAR","WAS","13","2019","POST","21","29"
"reg","2019120100","BAL","SF","13","2019","POST","20","17"
"reg","2019120104","JAX","TB","13","2019","POST","11","28"
"reg","2019120110","PIT","CLE","13","2019","POST","20","13"
"reg","2019120107","NYG","GB","13","2019","POST","13","31"
"reg","2019120106","MIA","PHI","13","2019","POST","37","31"
"reg","2019120108","ARI","LA","13","2019","POST","7","34"
"reg","2019120109","DEN","LAC","13","2019","POST","23","20"
"reg","2019120105","KC","OAK","13","2019","POST","40","9"
"reg","2019120111","HOU","NE","13","2019","POST","28","22"
"reg","2019120200","SEA","MIN","13","2019","POST","37","30"
"reg","2019120500","CHI","DAL","14","2019","POST","31","24"
"reg","2019120800","ATL","CAR","14","2019","POST","40","20"
"reg","2019120808","TB","IND","14","2019","POST","38","35"
"reg","2019120807","NYJ","MIA","14","2019","POST","22","21"
"reg","2019120806","NO","SF","14","2019","POST","46","48"
"reg","2019120805","MIN","DET","14","2019","POST","20","7"
"reg","2019120804","HOU","DEN","14","2019","POST","24","38"
"reg","2019120801","BUF","BAL","14","2019","POST","17","24"
"reg","2019120802","CLE","CIN","14","2019","POST","27","19"
"reg","2019120803","GB","WAS","14","2019","POST","20","15"
"reg","2019120809","JAX","LAC","14","2019","POST","10","45"
"reg","2019120810","ARI","PIT","14","2019","POST","17","23"
"reg","2019120812","OAK","TEN","14","2019","POST","21","42"
"reg","2019120811","NE","KC","14","2019","POST","16","23"
"reg","2019120813","LA","SEA","14","2019","POST","28","12"
"reg","2019120900","PHI","NYG","14","2019","POST","23","17"
"reg","2019121200","BAL","NYJ","15","2019","POST","42","21"
"reg","2019121501","CIN","NE","15","2019","POST","13","34"
"reg","2019121502","DET","TB","15","2019","POST","17","38"
"reg","2019121507","TEN","HOU","15","2019","POST","21","24"
"reg","2019121504","KC","DEN","15","2019","POST","23","3"
"reg","2019121505","NYG","MIA","15","2019","POST","36","20"
"reg","2019121508","WAS","PHI","15","2019","POST","27","37"
"reg","2019121500","CAR","SEA","15","2019","POST","24","30"
"reg","2019121503","GB","CHI","15","2019","POST","21","13"
"reg","2019121513","LAC","MIN","15","2019","POST","10","39"
"reg","2019121510","OAK","JAX","15","2019","POST","16","20"
"reg","2019121509","ARI","CLE","15","2019","POST","38","24"
"reg","2019121511","DAL","LA","15","2019","POST","44","21"
"reg","2019121512","SF","ATL","15","2019","POST","22","29"
"reg","2019121506","PIT","BUF","15","2019","POST","10","17"
"reg","2019121600","NO","IND","15","2019","POST","34","7"
"reg","2019122100","TB","HOU","16","2019","POST","20","23"
"reg","2019122101","NE","BUF","16","2019","POST","24","17"
"reg","2019122102","SF","LA","16","2019","POST","34","31"
"reg","2019122208","MIA","CIN","16","2019","POST","38","35"
"reg","2019122209","NYJ","PIT","16","2019","POST","16","10"
"reg","2019122211","WAS","NYG","16","2019","POST","35","41"
"reg","2019122207","IND","CAR","16","2019","POST","38","6"
"reg","2019122206","CLE","BAL","16","2019","POST","15","31"
"reg","2019122205","ATL","JAX","16","2019","POST","24","12"
"reg","2019122210","TEN","NO","16","2019","POST","28","38"
"reg","2019122201","LAC","OAK","16","2019","POST","17","24"
"reg","2019122200","DEN","DET","16","2019","POST","27","17"
"reg","2019122213","SEA","ARI","16","2019","POST","13","27"
"reg","2019122212","PHI","DAL","16","2019","POST","17","9"
"reg","2019122214","CHI","KC","16","2019","POST","3","26"
"reg","2019122300","MIN","GB","16","2019","POST","10","23"
"reg","2019122903","CIN","CLE","17","2019","POST","33","23"
"reg","2019122910","NE","MIA","17","2019","POST","24","27"
"reg","2019122909","MIN","CHI","17","2019","POST","19","21"
"reg","2019122908","KC","LAC","17","2019","POST","31","21"
"reg","2019122901","BUF","NYJ","17","2019","POST","6","13"
"reg","2019122905","DET","GB","17","2019","POST","20","23"
"reg","2019122902","CAR","NO","17","2019","POST","10","42"
"reg","2019122912","TB","ATL","17","2019","POST","22","28"
"reg","2019122911","NYG","PHI","17","2019","POST","17","34"
"reg","2019122906","HOU","TEN","17","2019","POST","14","35"
"reg","2019122904","DAL","WAS","17","2019","POST","47","16"
"reg","2019122900","BAL","PIT","17","2019","POST","28","10"
"reg","2019122907","JAX","IND","17","2019","POST","38","20"
"reg","2019122913","DEN","OAK","17","2019","POST","16","15"
"reg","2019122914","LA","ARI","17","2019","POST","31","24"
"reg","2019122915","SEA","SF","17","2019","POST","21","26"
"reg","9/9/2021","TB","DAL","1","2021","POST","31","29"
"reg","12/9/2021","ATL","PHI","1","2021","POST","6","32"
"reg","12/9/2021","BUF","PIT","1","2021","POST","16","23"
"reg","12/9/2021","CAR","NYJ","1","2021","POST","19","14"
"reg","12/9/2021","CIN","MIN","1","2021","POST","27","24"
"reg","12/9/2021","DET","SF","1","2021","POST","33","41"
"reg","12/9/2021","HOU","JAX","1","2021","POST","37","21"
"reg","12/9/2021","IND","SEA","1","2021","POST","16","28"
"reg","12/9/2021","KC","CLE","1","2021","POST","33","29"
"reg","12/9/2021","LA","CHI","1","2021","POST","34","14"
"reg","12/9/2021","NE","MIA","1","2021","POST","16","17"
"reg","12/9/2021","NO","GB","1","2021","POST","38","3"
"reg","12/9/2021","NYG","DEN","1","2021","POST","13","27"
"reg","12/9/2021","TEN","ARI","1","2021","POST","13","38"
"reg","12/9/2021","WAS","LAC","1","2021","POST","16","20"
"reg","9/13/2021","OAK","BAL","1","2021","POST","33","27"
"reg","9/16/2021","WAS","NYG","2","2021","POST","30","29"
"reg","9/19/2021","ARI","MIN","2","2021","POST","34","33"
"reg","9/19/2021","BAL","KC","2","2021","POST","36","35"
"reg","9/19/2021","CAR","NO","2","2021","POST","26","7"
"reg","9/19/2021","CHI","CIN","2","2021","POST","20","17"
"reg","9/19/2021","CLE","HOU","2","2021","POST","31","21"
"reg","9/19/2021","IND","LA","2","2021","POST","24","27"
"reg","9/19/2021","JAX","DEN","2","2021","POST","13","23"
"reg","9/19/2021","LAC","DAL","2","2021","POST","17","20"
"reg","9/19/2021","MIA","BUF","2","2021","POST","0","35"
"reg","9/19/2021","NYJ","NE","2","2021","POST","6","25"
"reg","9/19/2021","PHI","SF","2","2021","POST","11","17"
"reg","9/19/2021","PIT","OAK","2","2021","POST","17","26"
"reg","9/19/2021","SEA","TEN","2","2021","POST","30","33"
"reg","9/19/2021","TB","ATL","2","2021","POST","48","25"
"reg","9/20/2021","GB","DET","2","2021","POST","35","17"
"reg","9/23/2021","HOU","CAR","3","2021","POST","9","24"
"reg","9/26/2021","BUF","WAS","3","2021","POST","43","21"
"reg","9/26/2021","CLE","CHI","3","2021","POST","26","6"
"reg","9/26/2021","DEN","NYJ","3","2021","POST","26","0"
"reg","9/26/2021","DET","BAL","3","2021","POST","17","19"
"reg","9/26/2021","JAX","ARI","3","2021","POST","19","31"
"reg","9/26/2021","KC","LAC","3","2021","POST","24","30"
"reg","9/26/2021","OAK","MIA","3","2021","POST","31","28"
"reg","9/26/2021","LA","TB","3","2021","POST","34","24"
"reg","9/26/2021","MIN","SEA","3","2021","POST","30","17"
"reg","9/26/2021","NE","NO","3","2021","POST","13","28"
"reg","9/26/2021","NYG","ATL","3","2021","POST","14","17"
"reg","9/26/2021","PIT","CIN","3","2021","POST","10","24"
"reg","9/26/2021","SF","GB","3","2021","POST","28","30"
"reg","9/26/2021","TEN","IND","3","2021","POST","25","16"
"reg","9/27/2021","DAL","PHI","3","2021","POST","41","21"
"reg","9/30/2021","CIN","JAX","4","2021","POST","24","21"
"reg","3/10/2021","ATL","WAS","4","2021","POST","30","34"
"reg","3/10/2021","BUF","HOU","4","2021","POST","40","0"
"reg","3/10/2021","CHI","DET","4","2021","POST","24","14"
"reg","3/10/2021","DAL","CAR","4","2021","POST","36","28"
"reg","3/10/2021","DEN","BAL","4","2021","POST","7","23"
"reg","3/10/2021","GB","PIT","4","2021","POST","27","17"
"reg","3/10/2021","LA","ARI","4","2021","POST","20","37"
"reg","3/10/2021","MIA","IND","4","2021","POST","17","27"
"reg","3/10/2021","MIN","CLE","4","2021","POST","7","14"
"reg","3/10/2021","NE","TB","4","2021","POST","17","19"
"reg","3/10/2021","NO","NYG","4","2021","POST","21","27"
"reg","3/10/2021","NYJ","TEN","4","2021","POST","27","24"
"reg","3/10/2021","PHI","KC","4","2021","POST","30","42"
"reg","3/10/2021","SF","SEA","4","2021","POST","21","28"
"reg","4/10/2021","LAC","OAK","5","2021","POST","28","14"
"reg","7/10/2021","SEA","LA","5","2021","POST","17","26"
"reg","10/10/2021","ARI","SF","5","2021","POST","17","10"
"reg","10/10/2021","ATL","NYJ","5","2021","POST","27","20"
"reg","10/10/2021","CAR","PHI","5","2021","POST","18","21"
"reg","10/10/2021","CIN","GB","5","2021","POST","22","25"
"reg","10/10/2021","DAL","NYG","5","2021","POST","44","20"
"reg","10/10/2021","HOU","NE","5","2021","POST","22","25"
"reg","10/10/2021","JAX","TEN","5","2021","POST","19","37"
"reg","10/10/2021","KC","BUF","5","2021","POST","20","38"
"reg","10/10/2021","OAK","CHI","5","2021","POST","9","20"
"reg","10/10/2021","LAC","CLE","5","2021","POST","47","42"
"reg","10/10/2021","MIN","DET","5","2021","POST","19","17"
"reg","10/10/2021","PIT","DEN","5","2021","POST","27","19"
"reg","10/10/2021","TB","MIA","5","2021","POST","45","17"
"reg","10/10/2021","WAS","NO","6","2021","POST","22","33"
"reg","11/10/2021","BAL","IND","6","2021","POST","31","25"
"reg","10/14/2021","PHI","TB","6","2021","POST","22","28"
"reg","10/17/2021","BAL","LAC","6","2021","POST","34","6"
"reg","10/17/2021","CAR","MIN","6","2021","POST","28","34"
"reg","10/17/2021","CHI","GB","6","2021","POST","14","24"
"reg","10/17/2021","CLE","ARI","6","2021","POST","14","37"
"reg","10/17/2021","DEN","OAK","6","2021","POST","24","34"
"reg","10/17/2021","DET","CIN","6","2021","POST","11","34"
"reg","10/17/2021","IND","HOU","6","2021","POST","31","3"
"reg","10/17/2021","JAX","MIA","6","2021","POST","23","20"
"reg","10/17/2021","NE","DAL","6","2021","POST","29","35"
"reg","10/17/2021","NYG","LA","6","2021","POST","11","38"
"reg","10/17/2021","PIT","SEA","6","2021","POST","23","20"
"reg","10/17/2021","WAS","KC","7","2021","POST","13","31"
"reg","10/18/2021","TEN","BUF","7","2021","POST","34","31"
"reg","10/21/2021","CLE","DEN","7","2021","POST","17","14"
"reg","10/24/2021","ARI","HOU","7","2021","POST","31","5"
"reg","10/24/2021","BAL","CIN","7","2021","POST","17","41"
"reg","10/24/2021","GB","WAS","7","2021","POST","24","10"
"reg","10/24/2021","OAK","PHI","7","2021","POST","33","22"
"reg","10/24/2021","LA","DET","7","2021","POST","28","19"
"reg","10/24/2021","MIA","ATL","7","2021","POST","28","30"
"reg","10/24/2021","NE","NYJ","7","2021","POST","54","13"
"reg","10/24/2021","NYG","CAR","7","2021","POST","25","3"
"reg","10/24/2021","SF","IND","7","2021","POST","18","30"
"reg","10/24/2021","TB","CHI","7","2021","POST","38","3"
"reg","10/24/2021","TEN","KC","7","2021","POST","27","3"
"reg","10/25/2021","SEA","NO","8","2021","POST","10","13"
"reg","10/28/2021","ARI","GB","8","2021","POST","21","24"
"reg","10/31/2021","ATL","CAR","8","2021","POST","13","19"
"reg","10/31/2021","BUF","MIA","8","2021","POST","26","11"
"reg","10/31/2021","CHI","SF","8","2021","POST","22","33"
"reg","10/31/2021","CLE","PIT","8","2021","POST","10","15"
"reg","10/31/2021","DEN","WAS","8","2021","POST","17","10"
"reg","10/31/2021","DET","PHI","8","2021","POST","6","44"
"reg","10/31/2021","HOU","LA","8","2021","POST","22","38"
"reg","10/31/2021","IND","TEN","8","2021","POST","31","34"
"reg","10/31/2021","LAC","NE","8","2021","POST","24","27"
"reg","10/31/2021","MIN","DAL","8","2021","POST","16","20"
"reg","10/31/2021","NO","TB","8","2021","POST","36","27"
"reg","10/31/2021","NYJ","CIN","8","2021","POST","34","31"
"reg","10/31/2021","SEA","JAX","8","2021","POST","31","7"
"reg","1/11/2021","KC","NYG","9","2021","POST","20","17"
"reg","4/11/2021","IND","NYJ","9","2021","POST","45","30"
"reg","7/11/2021","BAL","MIN","9","2021","POST","34","31"
"reg","7/11/2021","CAR","NE","9","2021","POST","6","24"
"reg","7/11/2021","CIN","CLE","9","2021","POST","16","41"
"reg","7/11/2021","DAL","DEN","9","2021","POST","16","30"
"reg","7/11/2021","JAX","BUF","9","2021","POST","9","6"
"reg","7/11/2021","KC","GB","9","2021","POST","13","7"
"reg","7/11/2021","LA","TEN","9","2021","POST","16","28"
"reg","7/11/2021","MIA","HOU","9","2021","POST","17","9"
"reg","7/11/2021","NO","ATL","9","2021","POST","25","27"
"reg","7/11/2021","NYG","OAK","9","2021","POST","23","16"
"reg","7/11/2021","PHI","LAC","9","2021","POST","24","27"
"reg","7/11/2021","SF","ARI","9","2021","POST","17","31"
"reg","8/11/2021","PIT","CHI","10","2021","POST","29","27"
"reg","11/11/2021","MIA","BAL","10","2021","POST","22","10"
"reg","11/14/2021","ARI","CAR","10","2021","POST","10","34"
"reg","11/14/2021","DAL","ATL","10","2021","POST","43","3"
"reg","11/14/2021","DEN","PHI","10","2021","POST","13","30"
"reg","11/14/2021","GB","SEA","10","2021","POST","17","0"
"reg","11/14/2021","IND","JAX","10","2021","POST","23","17"
"reg","11/14/2021","OAK","KC","10","2021","POST","14","41"
"reg","11/14/2021","LAC","MIN","10","2021","POST","20","27"
"reg","11/14/2021","NE","CLE","10","2021","POST","45","7"
"reg","11/14/2021","NYJ","BUF","10","2021","POST","17","45"
"reg","11/14/2021","PIT","DET","10","2021","POST","16","16"
"reg","11/14/2021","TEN","NO","10","2021","POST","23","21"
"reg","11/14/2021","WAS","TB","11","2021","POST","29","19"
"reg","11/15/2021","SF","LA","11","2021","POST","31","10"
"reg","11/18/2021","ATL","NE","11","2021","POST","0","25"
"reg","11/21/2021","BUF","IND","11","2021","POST","15","41"
"reg","11/21/2021","CAR","WAS","11","2021","POST","21","27"
"reg","11/21/2021","CHI","BAL","11","2021","POST","13","16"
"reg","11/21/2021","CLE","DET","11","2021","POST","13","10"
"reg","11/21/2021","JAX","SF","11","2021","POST","10","30"
"reg","11/21/2021","KC","DAL","11","2021","POST","19","9"
"reg","11/21/2021","OAK","CIN","11","2021","POST","13","32"
"reg","11/21/2021","LAC","PIT","11","2021","POST","41","37"
"reg","11/21/2021","MIN","GB","11","2021","POST","34","31"
"reg","11/21/2021","NYJ","MIA","11","2021","POST","17","24"
"reg","11/21/2021","PHI","NO","11","2021","POST","40","29"
"reg","11/21/2021","SEA","ARI","12","2021","POST","13","23"
"reg","11/21/2021","TEN","HOU","12","2021","POST","13","22"
"reg","11/22/2021","TB","NYG","12","2021","POST","30","10"
"reg","11/25/2021","DAL","OAK","12","2021","POST","33","36"
"reg","11/25/2021","DET","CHI","12","2021","POST","14","16"
"reg","11/25/2021","NO","BUF","12","2021","POST","6","31"
"reg","11/28/2021","BAL","CLE","12","2021","POST","16","10"
"reg","11/28/2021","CIN","PIT","12","2021","POST","41","10"
"reg","11/28/2021","DEN","LAC","12","2021","POST","28","13"
"reg","11/28/2021","GB","LA","12","2021","POST","36","28"
"reg","11/28/2021","HOU","NYJ","12","2021","POST","14","21"
"reg","11/28/2021","IND","TB","12","2021","POST","31","38"
"reg","11/28/2021","JAX","ATL","12","2021","POST","14","21"
"reg","11/28/2021","MIA","CAR","12","2021","POST","33","10"
"reg","11/28/2021","NE","TEN","13","2021","POST","36","13"
"reg","11/28/2021","NYG","PHI","13","2021","POST","13","7"
"reg","11/28/2021","SF","MIN","13","2021","POST","34","26"
"reg","11/29/2021","WAS","SEA","13","2021","POST","17","15"
"reg","2/12/2021","NO","DAL","13","2021","POST","17","27"
"reg","5/12/2021","ATL","TB","13","2021","POST","17","30"
"reg","5/12/2021","CHI","ARI","13","2021","POST","22","33"
"reg","5/12/2021","CIN","LAC","13","2021","POST","22","41"
"reg","5/12/2021","DET","MIN","13","2021","POST","29","27"
"reg","5/12/2021","HOU","IND","13","2021","POST","0","31"
"reg","5/12/2021","KC","DEN","13","2021","POST","22","9"
"reg","5/12/2021","OAK","WAS","13","2021","POST","15","17"
"reg","5/12/2021","LA","JAX","13","2021","POST","37","7"
"reg","5/12/2021","MIA","NYG","13","2021","POST","20","9"
"reg","5/12/2021","NYJ","PHI","13","2021","POST","18","33"
"reg","5/12/2021","PIT","BAL","13","2021","POST","20","19"
"reg","5/12/2021","SEA","SF","14","2021","POST","30","23"
"reg","6/12/2021","BUF","NE","14","2021","POST","10","14"
"reg","9/12/2021","MIN","PIT","14","2021","POST","36","28"
"reg","12/12/2021","CAR","ATL","14","2021","POST","21","29"
"reg","12/12/2021","CIN","SF","14","2021","POST","23","26"
"reg","12/12/2021","CLE","BAL","14","2021","POST","24","22"
"reg","12/12/2021","DEN","DET","14","2021","POST","38","10"
"reg","12/12/2021","GB","CHI","14","2021","POST","45","30"
"reg","12/12/2021","HOU","SEA","14","2021","POST","13","33"
"reg","12/12/2021","KC","OAK","14","2021","POST","48","9"
"reg","12/12/2021","LAC","NYG","14","2021","POST","37","21"
"reg","12/12/2021","NYJ","NO","14","2021","POST","9","30"
"reg","12/12/2021","TB","BUF","14","2021","POST","33","27"
"reg","12/12/2021","TEN","JAX","14","2021","POST","20","0"
"reg","12/12/2021","WAS","DAL","14","2021","POST","20","27"
"reg","12/13/2021","ARI","LA","14","2021","POST","23","30"
"reg","12/16/2021","LAC","KC","15","2021","POST","28","34"
"reg","12/18/2021","CLE","OAK","15","2021","POST","14","16"
"reg","12/18/2021","IND","NE","15","2021","POST","27","17"
"reg","12/19/2021","BAL","GB","15","2021","POST","30","31"
"reg","12/19/2021","BUF","CAR","15","2021","POST","31","14"
"reg","12/19/2021","DEN","CIN","15","2021","POST","10","15"
"reg","12/19/2021","DET","ARI","15","2021","POST","30","12"
"reg","12/19/2021","JAX","HOU","15","2021","POST","16","30"
"reg","12/19/2021","MIA","NYJ","15","2021","POST","31","24"
"reg","12/19/2021","NYG","DAL","15","2021","POST","6","21"
"reg","12/19/2021","PIT","TEN","15","2021","POST","19","13"
"reg","12/19/2021","SF","ATL","15","2021","POST","31","13"
"reg","12/19/2021","TB","NO","15","2021","POST","0","9"
"reg","12/20/2021","CHI","MIN","15","2021","POST","9","17"
"reg","12/21/2021","LA","SEA","15","2021","POST","20","10"
"reg","12/21/2021","PHI","WAS","15","2021","POST","27","17"
"reg","12/23/2021","TEN","SF","16","2021","POST","20","17"
"reg","12/25/2021","ARI","IND","16","2021","POST","16","22"
"reg","12/25/2021","GB","CLE","16","2021","POST","24","22"
"reg","12/26/2021","ATL","DET","16","2021","POST","20","16"
"reg","12/26/2021","CAR","TB","16","2021","POST","6","32"
"reg","12/26/2021","CIN","BAL","16","2021","POST","41","21"
"reg","12/26/2021","DAL","WAS","16","2021","POST","56","14"
"reg","12/26/2021","HOU","LAC","16","2021","POST","41","29"
"reg","12/26/2021","KC","PIT","16","2021","POST","36","10"
"reg","12/26/2021","OAK","DEN","16","2021","POST","17","13"
"reg","12/26/2021","MIN","LA","16","2021","POST","23","30"
"reg","12/26/2021","NE","BUF","16","2021","POST","21","33"
"reg","12/26/2021","NYJ","JAX","16","2021","POST","26","21"
"reg","12/26/2021","PHI","NYG","16","2021","POST","34","10"
"reg","12/26/2021","SEA","CHI","16","2021","POST","24","25"
"reg","12/27/2021","NO","MIA","16","2021","POST","3","20"
"reg","2/1/2022","BAL","LA","17","2021","POST","19","20"
"reg","2/1/2022","BUF","ATL","17","2021","POST","29","15"
"reg","2/1/2022","CHI","NYG","17","2021","POST","29","3"
"reg","2/1/2022","CIN","KC","17","2021","POST","34","31"
"reg","2/1/2022","DAL","ARI","17","2021","POST","22","25"
"reg","2/1/2022","GB","MIN","17","2021","POST","37","10"
"reg","2/1/2022","IND","OAK","17","2021","POST","20","23"
"reg","2/1/2022","LAC","DEN","17","2021","POST","34","13"
"reg","2/1/2022","NE","JAX","17","2021","POST","50","10"
"reg","2/1/2022","NO","CAR","17","2021","POST","18","10"
"reg","2/1/2022","NYJ","TB","17","2021","POST","24","28"
"reg","2/1/2022","SF","HOU","17","2021","POST","23","7"
"reg","2/1/2022","SEA","DET","17","2021","POST","51","29"
"reg","2/1/2022","TEN","MIA","17","2021","POST","34","3"
"reg","2/1/2022","WAS","PHI","17","2021","POST","16","20"
"reg","3/1/2022","PIT","CLE","17","2021","POST","26","14"
